"id_Dim_Temps";"jour";"mois";"annee";"date_cours"
"1";"18";"2";"2026";"2026-02-18 04:14:00"
"2";"26";"8";"2024";"2024-08-26 18:29:29"
"3";"26";"2";"2026";"2026-02-26 14:36:25"
"4";"14";"12";"2025";"2025-12-14 02:41:30"
"5";"27";"2";"2025";"2025-02-27 03:39:54"
"6";"2";"1";"2025";"2025-01-02 10:46:52"
"7";"26";"4";"2025";"2025-04-26 00:28:25"
"8";"21";"3";"2025";"2025-03-21 04:54:55"
"9";"13";"1";"2026";"2026-01-13 19:03:23"
"10";"14";"1";"2026";"2026-01-14 02:02:16"
"11";"27";"3";"2025";"2025-03-27 12:11:13"
"12";"28";"8";"2024";"2024-08-28 11:11:16"
"13";"21";"7";"2024";"2024-07-21 12:32:06"
"14";"8";"4";"2025";"2025-04-08 21:35:52"
"15";"18";"10";"2024";"2024-10-18 21:20:49"
"16";"3";"6";"2025";"2025-06-03 04:39:26"
"17";"12";"3";"2026";"2026-03-12 09:03:49"
"18";"4";"1";"2025";"2025-01-04 08:21:44"
"19";"18";"11";"2025";"2025-11-18 03:51:21"
"20";"5";"3";"2026";"2026-03-05 18:15:22"
"21";"13";"5";"2026";"2026-05-13 23:13:20"
"22";"30";"10";"2024";"2024-10-30 08:17:36"
"23";"23";"10";"2024";"2024-10-23 05:21:51"
"24";"2";"3";"2025";"2025-03-02 14:15:55"
"25";"26";"11";"2025";"2025-11-26 20:04:59"
"26";"24";"9";"2024";"2024-09-24 13:04:58"
"27";"26";"9";"2024";"2024-09-26 15:57:45"
"28";"21";"3";"2026";"2026-03-21 07:35:24"
"29";"7";"4";"2026";"2026-04-07 18:34:03"
"30";"22";"4";"2025";"2025-04-22 22:45:45"
"31";"13";"8";"2025";"2025-08-13 10:20:02"
"32";"4";"7";"2024";"2024-07-04 19:56:40"
"33";"10";"8";"2025";"2025-08-10 09:40:24"
"34";"24";"11";"2025";"2025-11-24 23:10:06"
"35";"3";"5";"2026";"2026-05-03 12:55:43"
"36";"5";"9";"2025";"2025-09-05 14:58:20"
"37";"24";"2";"2025";"2025-02-24 18:18:26"
"38";"25";"5";"2025";"2025-05-25 01:07:07"
"39";"18";"2";"2026";"2026-02-18 04:09:07"
"40";"28";"10";"2024";"2024-10-28 00:06:21"
"41";"2";"7";"2024";"2024-07-02 16:38:29"
"42";"21";"9";"2025";"2025-09-21 17:47:09"
"43";"30";"5";"2024";"2024-05-30 09:16:14"
"44";"25";"2";"2025";"2025-02-25 17:00:31"
"45";"12";"1";"2026";"2026-01-12 23:03:00"
"46";"14";"10";"2025";"2025-10-14 14:37:54"
"47";"4";"8";"2024";"2024-08-04 12:15:09"
"48";"11";"3";"2025";"2025-03-11 23:33:20"
"49";"3";"8";"2024";"2024-08-03 08:58:55"
"50";"16";"3";"2026";"2026-03-16 17:21:58"
"51";"14";"8";"2025";"2025-08-14 05:46:14"
"52";"30";"10";"2025";"2025-10-30 03:04:32"
"53";"11";"6";"2025";"2025-06-11 02:49:09"
"54";"15";"3";"2026";"2026-03-15 08:08:09"
"55";"21";"9";"2025";"2025-09-21 20:29:49"
"56";"13";"8";"2025";"2025-08-13 22:08:46"
"57";"19";"6";"2025";"2025-06-19 05:10:23"
"58";"11";"8";"2025";"2025-08-11 15:45:58"
"59";"5";"6";"2024";"2024-06-05 10:09:36"
"60";"1";"3";"2025";"2025-03-01 03:47:49"
"61";"21";"7";"2025";"2025-07-21 22:16:08"
"62";"10";"8";"2025";"2025-08-10 14:47:50"
"63";"10";"10";"2024";"2024-10-10 10:26:33"
"64";"21";"1";"2026";"2026-01-21 00:57:24"
"65";"26";"8";"2024";"2024-08-26 16:43:00"
"66";"3";"7";"2025";"2025-07-03 02:41:22"
"67";"13";"9";"2024";"2024-09-13 12:19:41"
"68";"14";"3";"2025";"2025-03-14 19:40:24"
"69";"29";"11";"2025";"2025-11-29 12:16:43"
"70";"22";"8";"2025";"2025-08-22 04:01:26"
"71";"12";"4";"2025";"2025-04-12 16:45:29"
"72";"31";"3";"2025";"2025-03-31 13:17:40"
"73";"26";"8";"2024";"2024-08-26 15:11:23"
"74";"21";"6";"2024";"2024-06-21 07:38:39"
"75";"20";"3";"2025";"2025-03-20 03:00:02"
"76";"7";"1";"2025";"2025-01-07 18:36:11"
"77";"26";"10";"2024";"2024-10-26 22:19:42"
"78";"5";"3";"2026";"2026-03-05 19:23:43"
"79";"24";"1";"2026";"2026-01-24 19:57:05"
"80";"21";"6";"2025";"2025-06-21 20:27:30"
"81";"15";"11";"2025";"2025-11-15 04:09:58"
"82";"13";"5";"2025";"2025-05-13 01:45:12"
"83";"7";"1";"2026";"2026-01-07 23:30:09"
"84";"26";"12";"2024";"2024-12-26 07:46:30"
"85";"20";"9";"2024";"2024-09-20 00:30:21"
"86";"24";"11";"2024";"2024-11-24 01:22:11"
"87";"15";"12";"2025";"2025-12-15 05:36:14"
"88";"20";"5";"2026";"2026-05-20 08:15:21"
"89";"27";"3";"2025";"2025-03-27 17:42:39"
"90";"21";"9";"2024";"2024-09-21 16:33:06"
"91";"22";"2";"2026";"2026-02-22 19:17:34"
"92";"5";"1";"2025";"2025-01-05 12:05:49"
"93";"13";"9";"2024";"2024-09-13 13:36:46"
"94";"1";"7";"2025";"2025-07-01 18:01:59"
"95";"13";"5";"2025";"2025-05-13 22:49:56"
"96";"26";"11";"2024";"2024-11-26 20:01:06"
"97";"2";"3";"2026";"2026-03-02 17:21:03"
"98";"19";"4";"2026";"2026-04-19 05:07:27"
"99";"18";"5";"2026";"2026-05-18 01:02:31"
"100";"19";"5";"2026";"2026-05-19 06:47:14"
"101";"10";"10";"2025";"2025-10-10 08:05:23"
"102";"4";"5";"2025";"2025-05-04 09:15:13"
"103";"6";"5";"2025";"2025-05-06 04:29:07"
"104";"16";"6";"2024";"2024-06-16 04:11:00"
"105";"16";"10";"2024";"2024-10-16 11:35:55"
"106";"19";"8";"2024";"2024-08-19 11:22:46"
"107";"14";"8";"2024";"2024-08-14 08:17:20"
"108";"7";"11";"2024";"2024-11-07 23:52:05"
"109";"14";"8";"2025";"2025-08-14 04:41:37"
"110";"14";"8";"2025";"2025-08-14 15:38:41"
"111";"20";"4";"2026";"2026-04-20 16:16:55"
"112";"24";"3";"2025";"2025-03-24 22:01:59"
"113";"21";"8";"2025";"2025-08-21 19:00:44"
"114";"12";"6";"2025";"2025-06-12 10:44:53"
"115";"28";"2";"2026";"2026-02-28 04:03:37"
"116";"20";"1";"2026";"2026-01-20 21:38:25"
"117";"24";"6";"2025";"2025-06-24 16:47:36"
"118";"2";"7";"2025";"2025-07-02 17:35:07"
"119";"6";"9";"2025";"2025-09-06 07:33:12"
"120";"19";"8";"2025";"2025-08-19 20:59:01"
"121";"21";"11";"2025";"2025-11-21 23:44:14"
"122";"4";"1";"2025";"2025-01-04 06:51:45"
"123";"18";"2";"2026";"2026-02-18 06:50:39"
"124";"3";"10";"2024";"2024-10-03 20:09:39"
"125";"22";"6";"2024";"2024-06-22 04:41:00"
"126";"15";"8";"2024";"2024-08-15 06:34:56"
"127";"18";"11";"2024";"2024-11-18 00:09:34"
"128";"18";"1";"2026";"2026-01-18 20:27:13"
"129";"5";"2";"2025";"2025-02-05 03:01:32"
"130";"1";"11";"2025";"2025-11-01 10:24:20"
"131";"13";"9";"2025";"2025-09-13 18:15:48"
"132";"19";"4";"2026";"2026-04-19 22:58:26"
"133";"29";"9";"2025";"2025-09-29 22:05:13"
"134";"26";"7";"2025";"2025-07-26 04:47:43"
"135";"21";"10";"2025";"2025-10-21 03:20:26"
"136";"14";"1";"2026";"2026-01-14 07:30:16"
"137";"7";"8";"2024";"2024-08-07 09:12:51"
"138";"7";"9";"2025";"2025-09-07 01:43:09"
"139";"14";"6";"2024";"2024-06-14 13:22:39"
"140";"22";"12";"2024";"2024-12-22 22:40:44"
"141";"26";"4";"2025";"2025-04-26 21:17:31"
"142";"30";"4";"2025";"2025-04-30 06:23:47"
"143";"9";"8";"2024";"2024-08-09 19:49:34"
"144";"20";"5";"2026";"2026-05-20 21:09:41"
"145";"14";"10";"2024";"2024-10-14 13:47:23"
"146";"24";"7";"2024";"2024-07-24 08:37:36"
"147";"10";"12";"2024";"2024-12-10 09:59:08"
"148";"15";"3";"2025";"2025-03-15 22:46:08"
"149";"19";"5";"2025";"2025-05-19 16:49:17"
"150";"28";"2";"2026";"2026-02-28 23:47:05"
"151";"8";"10";"2024";"2024-10-08 00:49:59"
"152";"8";"5";"2026";"2026-05-08 22:18:55"
"153";"2";"8";"2024";"2024-08-02 16:13:35"
"154";"27";"1";"2025";"2025-01-27 07:57:25"
"155";"20";"5";"2026";"2026-05-20 08:16:08"
"156";"5";"1";"2025";"2025-01-05 03:07:08"
"157";"3";"5";"2025";"2025-05-03 20:47:03"
"158";"24";"12";"2024";"2024-12-24 13:41:09"
"159";"16";"3";"2025";"2025-03-16 17:20:56"
"160";"24";"12";"2024";"2024-12-24 04:34:24"
"161";"23";"5";"2024";"2024-05-23 17:04:55"
"162";"18";"10";"2025";"2025-10-18 22:58:39"
"163";"2";"11";"2025";"2025-11-02 09:16:39"
"164";"6";"6";"2024";"2024-06-06 10:02:11"
"165";"25";"7";"2024";"2024-07-25 02:38:54"
"166";"9";"5";"2026";"2026-05-09 20:57:24"
"167";"31";"12";"2025";"2025-12-31 01:08:39"
"168";"7";"10";"2025";"2025-10-07 15:46:28"
"169";"9";"4";"2025";"2025-04-09 20:31:01"
"170";"10";"9";"2025";"2025-09-10 19:44:45"
"171";"17";"5";"2025";"2025-05-17 11:29:27"
"172";"21";"10";"2024";"2024-10-21 16:57:47"
"173";"18";"4";"2025";"2025-04-18 00:02:12"
"174";"9";"7";"2024";"2024-07-09 18:40:38"
"175";"5";"12";"2024";"2024-12-05 05:52:24"
"176";"3";"2";"2025";"2025-02-03 00:19:36"
"177";"9";"4";"2025";"2025-04-09 01:30:28"
"178";"24";"5";"2025";"2025-05-24 18:22:24"
"179";"22";"11";"2025";"2025-11-22 04:29:13"
"180";"9";"10";"2025";"2025-10-09 00:35:42"
"181";"29";"9";"2025";"2025-09-29 23:30:10"
"182";"12";"10";"2025";"2025-10-12 11:03:46"
"183";"4";"4";"2026";"2026-04-04 18:17:19"
"184";"3";"5";"2026";"2026-05-03 19:10:09"
"185";"4";"3";"2026";"2026-03-04 10:30:59"
"186";"25";"8";"2024";"2024-08-25 10:07:32"
"187";"8";"6";"2025";"2025-06-08 00:26:58"
"188";"13";"11";"2025";"2025-11-13 20:57:57"
"189";"4";"5";"2025";"2025-05-04 01:42:50"
"190";"19";"2";"2025";"2025-02-19 02:36:09"
"191";"28";"10";"2024";"2024-10-28 14:09:32"
"192";"25";"1";"2025";"2025-01-25 15:38:11"
"193";"18";"2";"2025";"2025-02-18 13:30:08"
"194";"9";"8";"2025";"2025-08-09 05:58:34"
"195";"24";"8";"2025";"2025-08-24 12:13:01"
"196";"23";"2";"2026";"2026-02-23 09:08:55"
"197";"13";"3";"2025";"2025-03-13 17:12:59"
"198";"18";"2";"2025";"2025-02-18 21:30:40"
"199";"7";"1";"2026";"2026-01-07 18:17:51"
"200";"20";"9";"2024";"2024-09-20 04:24:41"
"201";"2";"1";"2026";"2026-01-02 05:19:58"
"202";"2";"12";"2024";"2024-12-02 04:37:14"
"203";"31";"12";"2025";"2025-12-31 05:22:10"
"204";"15";"7";"2025";"2025-07-15 18:35:39"
"205";"31";"8";"2024";"2024-08-31 12:12:04"
"206";"1";"5";"2025";"2025-05-01 08:37:17"
"207";"5";"3";"2026";"2026-03-05 18:17:43"
"208";"6";"10";"2024";"2024-10-06 14:57:39"
"209";"27";"3";"2025";"2025-03-27 14:26:20"
"210";"18";"10";"2025";"2025-10-18 17:41:13"
"211";"17";"8";"2024";"2024-08-17 12:06:53"
"212";"25";"3";"2026";"2026-03-25 09:00:47"
"213";"28";"5";"2024";"2024-05-28 18:21:04"
"214";"13";"11";"2024";"2024-11-13 02:04:27"
"215";"9";"4";"2026";"2026-04-09 02:53:13"
"216";"27";"7";"2024";"2024-07-27 19:59:36"
"217";"25";"12";"2025";"2025-12-25 19:57:31"
"218";"23";"4";"2026";"2026-04-23 18:44:20"
"219";"5";"2";"2026";"2026-02-05 10:15:08"
"220";"9";"8";"2024";"2024-08-09 06:30:51"
"221";"22";"12";"2025";"2025-12-22 12:54:18"
"222";"2";"10";"2024";"2024-10-02 10:44:11"
"223";"31";"7";"2025";"2025-07-31 02:58:00"
"224";"26";"3";"2025";"2025-03-26 08:41:24"
"225";"4";"12";"2025";"2025-12-04 03:40:29"
"226";"6";"1";"2026";"2026-01-06 01:15:16"
"227";"4";"9";"2024";"2024-09-04 16:59:22"
"228";"27";"5";"2025";"2025-05-27 20:27:51"
"229";"19";"6";"2024";"2024-06-19 21:40:44"
"230";"8";"5";"2025";"2025-05-08 22:17:53"
"231";"25";"4";"2026";"2026-04-25 18:28:40"
"232";"7";"10";"2025";"2025-10-07 21:22:02"
"233";"3";"9";"2024";"2024-09-03 20:40:29"
"234";"9";"12";"2024";"2024-12-09 03:17:51"
"235";"29";"5";"2024";"2024-05-29 07:14:33"
"236";"11";"3";"2026";"2026-03-11 12:10:44"
"237";"9";"8";"2024";"2024-08-09 22:14:40"
"238";"27";"10";"2024";"2024-10-27 12:16:07"
"239";"16";"2";"2026";"2026-02-16 21:11:04"
"240";"11";"9";"2024";"2024-09-11 08:04:39"
"241";"9";"9";"2024";"2024-09-09 19:42:05"
"242";"18";"7";"2025";"2025-07-18 13:00:40"
"243";"25";"11";"2024";"2024-11-25 03:21:03"
"244";"10";"10";"2025";"2025-10-10 05:09:24"
"245";"6";"3";"2025";"2025-03-06 12:29:25"
"246";"30";"11";"2024";"2024-11-30 11:48:07"
"247";"27";"6";"2024";"2024-06-27 11:21:08"
"248";"3";"4";"2026";"2026-04-03 18:55:55"
"249";"15";"9";"2025";"2025-09-15 16:28:36"
"250";"17";"2";"2026";"2026-02-17 08:12:48"
"251";"22";"12";"2024";"2024-12-22 03:13:00"
"252";"11";"10";"2024";"2024-10-11 20:09:01"
"253";"7";"8";"2025";"2025-08-07 22:40:02"
"254";"16";"3";"2026";"2026-03-16 16:37:04"
"255";"13";"7";"2025";"2025-07-13 08:02:59"
"256";"3";"8";"2024";"2024-08-03 03:34:14"
"257";"5";"7";"2025";"2025-07-05 20:07:56"
"258";"25";"11";"2025";"2025-11-25 14:50:22"
"259";"19";"5";"2025";"2025-05-19 17:51:40"
"260";"17";"10";"2025";"2025-10-17 16:01:31"
"261";"14";"11";"2025";"2025-11-14 22:51:30"
"262";"14";"4";"2025";"2025-04-14 04:18:52"
"263";"27";"3";"2025";"2025-03-27 08:15:47"
"264";"5";"2";"2025";"2025-02-05 03:59:07"
"265";"2";"1";"2026";"2026-01-02 12:28:31"
"266";"20";"12";"2025";"2025-12-20 07:33:21"
"267";"9";"7";"2025";"2025-07-09 08:45:10"
"268";"18";"11";"2024";"2024-11-18 16:34:48"
"269";"7";"5";"2025";"2025-05-07 08:12:10"
"270";"27";"11";"2025";"2025-11-27 08:41:22"
"271";"18";"6";"2025";"2025-06-18 05:20:53"
"272";"16";"9";"2024";"2024-09-16 11:56:39"
"273";"29";"11";"2024";"2024-11-29 12:26:47"
"274";"4";"11";"2025";"2025-11-04 09:05:24"
"275";"1";"7";"2024";"2024-07-01 07:10:21"
"276";"11";"9";"2024";"2024-09-11 18:46:43"
"277";"12";"11";"2024";"2024-11-12 00:20:53"
"278";"26";"2";"2026";"2026-02-26 23:15:49"
"279";"1";"7";"2025";"2025-07-01 00:48:04"
"280";"28";"4";"2026";"2026-04-28 19:15:12"
"281";"26";"4";"2026";"2026-04-26 11:47:45"
"282";"27";"5";"2024";"2024-05-27 15:36:41"
"283";"7";"6";"2025";"2025-06-07 22:27:04"
"284";"6";"11";"2024";"2024-11-06 16:12:32"
"285";"11";"12";"2024";"2024-12-11 01:02:28"
"286";"30";"11";"2025";"2025-11-30 00:41:21"
"287";"20";"8";"2025";"2025-08-20 21:26:59"
"288";"25";"1";"2026";"2026-01-25 01:13:35"
"289";"26";"9";"2025";"2025-09-26 10:31:34"
"290";"22";"10";"2024";"2024-10-22 21:01:01"
"291";"15";"12";"2025";"2025-12-15 04:45:19"
"292";"27";"10";"2025";"2025-10-27 08:29:30"
"293";"3";"8";"2025";"2025-08-03 06:01:55"
"294";"27";"2";"2025";"2025-02-27 18:38:01"
"295";"6";"3";"2026";"2026-03-06 18:15:28"
"296";"18";"5";"2026";"2026-05-18 05:48:56"
"297";"4";"12";"2024";"2024-12-04 15:39:18"
"298";"24";"11";"2025";"2025-11-24 09:48:14"
"299";"28";"3";"2026";"2026-03-28 19:12:51"
"300";"11";"5";"2025";"2025-05-11 19:24:47"
"301";"16";"7";"2025";"2025-07-16 00:49:57"
"302";"20";"4";"2026";"2026-04-20 00:55:08"
"303";"30";"12";"2024";"2024-12-30 20:33:43"
"304";"28";"3";"2025";"2025-03-28 15:57:33"
"305";"10";"4";"2025";"2025-04-10 15:09:13"
"306";"19";"5";"2026";"2026-05-19 01:57:00"
"307";"3";"9";"2025";"2025-09-03 05:20:24"
"308";"14";"5";"2025";"2025-05-14 19:28:48"
"309";"21";"6";"2024";"2024-06-21 06:44:42"
"310";"13";"3";"2026";"2026-03-13 07:13:32"
"311";"19";"9";"2025";"2025-09-19 16:47:39"
"312";"28";"1";"2025";"2025-01-28 15:28:26"
"313";"3";"6";"2025";"2025-06-03 01:53:21"
"314";"13";"1";"2026";"2026-01-13 16:07:59"
"315";"4";"7";"2024";"2024-07-04 23:47:25"
"316";"9";"2";"2025";"2025-02-09 14:22:12"
"317";"21";"4";"2025";"2025-04-21 15:34:03"
"318";"4";"6";"2024";"2024-06-04 06:33:22"
"319";"15";"10";"2024";"2024-10-15 01:37:50"
"320";"15";"2";"2025";"2025-02-15 13:50:11"
"321";"3";"10";"2024";"2024-10-03 18:20:40"
"322";"13";"8";"2024";"2024-08-13 18:13:27"
"323";"26";"11";"2025";"2025-11-26 09:14:01"
"324";"6";"4";"2026";"2026-04-06 09:49:39"
"325";"26";"4";"2025";"2025-04-26 15:06:20"
"326";"30";"3";"2025";"2025-03-30 17:04:55"
"327";"21";"6";"2025";"2025-06-21 13:39:50"
"328";"30";"10";"2024";"2024-10-30 01:38:42"
"329";"21";"11";"2025";"2025-11-21 08:20:21"
"330";"16";"6";"2024";"2024-06-16 00:42:58"
"331";"6";"11";"2025";"2025-11-06 21:12:07"
"332";"8";"8";"2024";"2024-08-08 04:59:20"
"333";"30";"8";"2025";"2025-08-30 15:11:51"
"334";"19";"9";"2024";"2024-09-19 07:07:22"
"335";"26";"2";"2025";"2025-02-26 03:03:32"
"336";"6";"10";"2025";"2025-10-06 06:48:36"
"337";"11";"11";"2025";"2025-11-11 05:43:31"
"338";"1";"6";"2025";"2025-06-01 18:25:24"
"339";"8";"3";"2026";"2026-03-08 20:37:44"
"340";"8";"5";"2026";"2026-05-08 11:37:45"
"341";"22";"6";"2025";"2025-06-22 02:09:05"
"342";"8";"10";"2025";"2025-10-08 22:05:03"
"343";"4";"8";"2024";"2024-08-04 13:13:52"
"344";"22";"6";"2024";"2024-06-22 07:44:33"
"345";"24";"5";"2024";"2024-05-24 16:33:11"
"346";"23";"6";"2025";"2025-06-23 11:35:12"
"347";"14";"3";"2025";"2025-03-14 21:33:19"
"348";"3";"9";"2025";"2025-09-03 10:39:43"
"349";"1";"9";"2024";"2024-09-01 23:11:29"
"350";"25";"4";"2025";"2025-04-25 18:04:32"
"351";"23";"9";"2025";"2025-09-23 10:45:50"
"352";"31";"1";"2025";"2025-01-31 00:09:13"
"353";"30";"5";"2025";"2025-05-30 21:58:06"
"354";"6";"5";"2025";"2025-05-06 01:36:34"
"355";"30";"12";"2024";"2024-12-30 15:51:42"
"356";"13";"2";"2025";"2025-02-13 04:16:03"
"357";"26";"3";"2025";"2025-03-26 15:04:41"
"358";"14";"12";"2025";"2025-12-14 21:21:40"
"359";"21";"7";"2024";"2024-07-21 07:37:47"
"360";"4";"8";"2024";"2024-08-04 21:03:22"
"361";"23";"2";"2026";"2026-02-23 18:15:40"
"362";"29";"12";"2025";"2025-12-29 09:30:05"
"363";"16";"7";"2024";"2024-07-16 01:25:42"
"364";"24";"12";"2024";"2024-12-24 16:20:34"
"365";"10";"3";"2026";"2026-03-10 02:50:37"
"366";"20";"4";"2026";"2026-04-20 06:15:35"
"367";"1";"5";"2026";"2026-05-01 14:37:27"
"368";"20";"12";"2024";"2024-12-20 00:00:35"
"369";"11";"9";"2025";"2025-09-11 07:45:46"
"370";"11";"6";"2025";"2025-06-11 01:18:16"
"371";"4";"7";"2025";"2025-07-04 08:37:04"
"372";"24";"8";"2024";"2024-08-24 04:17:56"
"373";"15";"2";"2026";"2026-02-15 03:32:01"
"374";"28";"6";"2024";"2024-06-28 08:42:18"
"375";"5";"8";"2025";"2025-08-05 09:24:47"
"376";"17";"5";"2025";"2025-05-17 05:23:57"
"377";"4";"8";"2025";"2025-08-04 14:53:02"
"378";"2";"4";"2026";"2026-04-02 14:36:06"
"379";"17";"12";"2024";"2024-12-17 18:27:41"
"380";"22";"11";"2025";"2025-11-22 22:48:37"
"381";"21";"12";"2024";"2024-12-21 13:55:26"
"382";"15";"11";"2024";"2024-11-15 21:31:18"
"383";"6";"3";"2025";"2025-03-06 03:30:53"
"384";"1";"5";"2026";"2026-05-01 20:33:56"
"385";"25";"4";"2025";"2025-04-25 19:08:29"
"386";"12";"12";"2025";"2025-12-12 06:50:57"
"387";"17";"4";"2026";"2026-04-17 04:51:42"
"388";"17";"6";"2025";"2025-06-17 08:01:53"
"389";"2";"8";"2025";"2025-08-02 00:01:18"
"390";"1";"2";"2025";"2025-02-01 15:45:08"
"391";"29";"6";"2025";"2025-06-29 14:09:08"
"392";"10";"9";"2025";"2025-09-10 21:02:12"
"393";"22";"4";"2025";"2025-04-22 23:08:56"
"394";"27";"1";"2025";"2025-01-27 22:26:11"
"395";"9";"12";"2024";"2024-12-09 10:59:57"
"396";"14";"5";"2026";"2026-05-14 06:24:27"
"397";"30";"6";"2024";"2024-06-30 01:46:40"
"398";"12";"10";"2025";"2025-10-12 18:58:01"
"399";"22";"11";"2025";"2025-11-22 01:35:27"
"400";"13";"7";"2025";"2025-07-13 12:56:13"
"401";"26";"12";"2025";"2025-12-26 16:03:50"
"402";"11";"4";"2026";"2026-04-11 05:38:26"
"403";"3";"6";"2025";"2025-06-03 06:07:01"
"404";"11";"5";"2026";"2026-05-11 00:04:10"
"405";"24";"5";"2024";"2024-05-24 16:04:09"
"406";"31";"5";"2025";"2025-05-31 11:53:12"
"407";"9";"7";"2025";"2025-07-09 06:10:43"
"408";"2";"10";"2024";"2024-10-02 23:27:30"
"409";"28";"11";"2025";"2025-11-28 08:09:45"
"410";"17";"5";"2025";"2025-05-17 18:10:19"
"411";"18";"8";"2024";"2024-08-18 13:38:19"
"412";"16";"7";"2025";"2025-07-16 18:36:59"
"413";"20";"9";"2024";"2024-09-20 04:11:31"
"414";"8";"3";"2026";"2026-03-08 03:29:06"
"415";"21";"10";"2025";"2025-10-21 17:59:22"
"416";"29";"6";"2025";"2025-06-29 20:40:18"
"417";"4";"6";"2025";"2025-06-04 02:43:06"
"418";"3";"12";"2024";"2024-12-03 21:13:54"
"419";"29";"1";"2026";"2026-01-29 23:55:17"
"420";"4";"8";"2024";"2024-08-04 03:15:18"
"421";"10";"3";"2025";"2025-03-10 14:51:09"
"422";"11";"9";"2025";"2025-09-11 07:17:55"
"423";"20";"9";"2024";"2024-09-20 04:41:23"
"424";"7";"6";"2025";"2025-06-07 12:47:11"
"425";"15";"12";"2024";"2024-12-15 10:51:41"
"426";"3";"5";"2026";"2026-05-03 08:22:22"
"427";"21";"5";"2026";"2026-05-21 11:44:05"
"428";"31";"3";"2026";"2026-03-31 14:23:36"
"429";"27";"5";"2025";"2025-05-27 19:31:36"
"430";"4";"6";"2025";"2025-06-04 23:06:56"
"431";"18";"7";"2024";"2024-07-18 21:39:16"
"432";"13";"8";"2024";"2024-08-13 06:21:07"
"433";"13";"4";"2026";"2026-04-13 10:42:40"
"434";"24";"10";"2024";"2024-10-24 05:56:16"
"435";"21";"7";"2025";"2025-07-21 13:27:06"
"436";"12";"4";"2025";"2025-04-12 01:01:14"
"437";"6";"8";"2025";"2025-08-06 01:12:56"
"438";"1";"9";"2024";"2024-09-01 21:24:12"
"439";"27";"3";"2026";"2026-03-27 16:16:04"
"440";"16";"7";"2024";"2024-07-16 13:12:47"
"441";"28";"3";"2026";"2026-03-28 20:54:57"
"442";"25";"3";"2025";"2025-03-25 19:58:35"
"443";"15";"10";"2024";"2024-10-15 02:20:37"
"444";"29";"3";"2026";"2026-03-29 22:12:04"
"445";"15";"9";"2025";"2025-09-15 06:33:15"
"446";"18";"10";"2025";"2025-10-18 10:57:06"
"447";"14";"4";"2026";"2026-04-14 20:34:22"
"448";"14";"2";"2026";"2026-02-14 13:57:45"
"449";"3";"4";"2025";"2025-04-03 02:49:37"
"450";"10";"7";"2024";"2024-07-10 05:50:41"
"451";"24";"6";"2025";"2025-06-24 16:27:27"
"452";"10";"5";"2025";"2025-05-10 21:41:59"
"453";"3";"5";"2026";"2026-05-03 07:24:27"
"454";"3";"11";"2024";"2024-11-03 18:58:17"
"455";"29";"11";"2024";"2024-11-29 06:00:39"
"456";"13";"5";"2026";"2026-05-13 04:05:50"
"457";"30";"5";"2025";"2025-05-30 01:43:18"
"458";"11";"11";"2025";"2025-11-11 06:56:22"
"459";"5";"7";"2025";"2025-07-05 18:01:12"
"460";"12";"10";"2025";"2025-10-12 11:48:21"
"461";"21";"9";"2024";"2024-09-21 12:36:41"
"462";"22";"3";"2026";"2026-03-22 14:00:54"
"463";"1";"11";"2024";"2024-11-01 01:36:09"
"464";"2";"5";"2025";"2025-05-02 20:21:45"
"465";"19";"6";"2024";"2024-06-19 08:34:21"
"466";"2";"10";"2025";"2025-10-02 02:09:53"
"467";"20";"3";"2025";"2025-03-20 00:32:06"
"468";"5";"3";"2025";"2025-03-05 02:31:50"
"469";"15";"11";"2025";"2025-11-15 21:11:52"
"470";"30";"3";"2025";"2025-03-30 00:00:35"
"471";"20";"11";"2025";"2025-11-20 14:56:27"
"472";"24";"8";"2024";"2024-08-24 18:31:29"
"473";"10";"5";"2025";"2025-05-10 19:07:04"
"474";"5";"9";"2025";"2025-09-05 22:55:05"
"475";"8";"4";"2025";"2025-04-08 19:52:32"
"476";"22";"3";"2026";"2026-03-22 22:58:43"
"477";"11";"8";"2024";"2024-08-11 09:28:46"
"478";"26";"3";"2026";"2026-03-26 21:18:42"
"479";"23";"1";"2026";"2026-01-23 16:01:55"
"480";"14";"12";"2024";"2024-12-14 19:51:53"
"481";"6";"6";"2024";"2024-06-06 23:03:04"
"482";"22";"10";"2024";"2024-10-22 03:54:59"
"483";"29";"10";"2024";"2024-10-29 03:19:38"
"484";"1";"11";"2025";"2025-11-01 08:27:46"
"485";"17";"1";"2026";"2026-01-17 11:39:21"
"486";"8";"8";"2025";"2025-08-08 02:47:47"
"487";"31";"7";"2025";"2025-07-31 07:30:43"
"488";"15";"11";"2024";"2024-11-15 19:08:15"
"489";"2";"2";"2025";"2025-02-02 02:49:07"
"490";"13";"11";"2024";"2024-11-13 18:09:48"
"491";"22";"6";"2024";"2024-06-22 02:51:55"
"492";"16";"8";"2024";"2024-08-16 02:23:08"
"493";"9";"1";"2026";"2026-01-09 14:22:11"
"494";"23";"10";"2025";"2025-10-23 23:44:33"
"495";"22";"7";"2024";"2024-07-22 00:51:12"
"496";"5";"10";"2024";"2024-10-05 19:09:25"
"497";"14";"9";"2024";"2024-09-14 12:17:13"
"498";"12";"6";"2025";"2025-06-12 11:54:36"
"499";"10";"9";"2025";"2025-09-10 01:43:38"
"500";"8";"7";"2024";"2024-07-08 15:24:54"
